{
  "name": "monaca-onsenui",
  "version": "2.8.3",
  "description": "Dist version of OnsenUI for Monaca Component.",
  "main": "onsenui.js",
  "monaca": {
    "main": [
      "js/onsenui.js",
      "css/onsenui.css",
      "css/onsen-css-components.css"
    ],
    "option": [
      "js/angular/angular.min.js",
      "js/angular-onsenui.min.js",
      "js/onsenui.d.ts"
    ]
  },
  "keywords": [
    "monaca"
  ],
  "authors": [
    "Monaca"
  ],
  "repository": {
    "type": "git",
    "url": "git://github.com:monaca/monaca-component-onsenui.git"
  },
  "homepage": "https://onsen.io/",
  "ignore": [
    "**/.*",
    "node_modules",
    "test",
    "README.md"
  ],
  "_release": "2.8.3",
  "_resolution": {
    "type": "version",
    "tag": "2.8.3",
    "commit": "dd0a005617c28a9e490ddf9fc52d58cf916f04ac"
  },
  "_source": "https://github.com/monaca/monaca-component-onsenui.git",
  "_target": "2.8.3",
  "_originalSource": "monaca-onsenui"
}