{
  "name": "monaca-core-utils",
  "version": "2.0.6",
  "description": "Monaca core APIs necessary for running Monaca apps.",
  "main": "monaca-core-utils.js",
  "monaca": {
    "main": [
      "monaca-core-utils.js"
    ]
  },
  "keywords": [
    "monaca"
  ],
  "authors": [
    "Monaca"
  ],
  "repository": {
    "type": "git",
    "url": "git://github.com:monaca/monaca-component-monaca-core-utils.git"
  },
  "homepage": "http://monaca.mobi/",
  "ignore": [
    "**/.*",
    "node_modules",
    "test",
    "README.md"
  ],
  "_release": "2.0.6",
  "_resolution": {
    "type": "version",
    "tag": "2.0.6",
    "commit": "c9d0c92df861aec88d94e1b1e275eb17fef91538"
  },
  "_source": "https://github.com/monaca/monaca-component-monaca-core-utils.git",
  "_target": "2.0.6",
  "_originalSource": "monaca-core-utils",
  "_direct": true
}