{
    "plugins": [
        "mobi.monaca.plugins.Monaca@3.1.0"
    ],
    "framework_version": "3.5",
    "xcode_version": "8",
    "cordova_version": "6.5",
    "plugin_settings": {
        "cordova-plugin-crosswalk-webview": {
            "variables": [
                "XWALK_VERSION=18.48.477.13"
            ]
        }
    },
    "external_plugins": [
        "cordova-plugin-whitelist@1.3.1",
        "cordova-plugin-splashscreen@4.0.3",
        "cordova-custom-config@2.0.3"
    ],
    "title-ja": "",
    "title-en": "",
    "description-ja": "",
    "description-en": "",
    "category": "User Template",
    "platform": [],
    "name": "generated-1514536481-5935fc828034517e7ed20952"
}